island,name,category,verification_status,source_url
弓削島,松原海水浴場,海/自然,pending,https://kamijima.info/yugejima/
弓削島,久司山展望台,絶景/自然,pending,https://kamijima.info/sightseeing/kushiyama_tenbodai/
弓削島,上弓削の古い町並み,歴史/町並み,pending,https://kamijima.info/sightseeing/kamiyuge-machinami/
佐島,Uターンブルーライン,サイクリング/景観,pending,https://kamijima.info/sightseeing/u-turn_blueline/
生名島,生名橋記念公園,公園/絶景/橋,pending,https://kamijima.info/sightseeing/ikinabashi_park/
岩城島,積善山三千本桜,自然/桜/絶景,pending,https://kamijima.info/info/sekizenzan-sanzenbonzakura/
魚島,魚島漁港,港/暮らし/景観,pending,https://kamijima.info/sightseeing/uoshima_port/
高井神島,マンガ壁画アート,アート/集落,pending,https://kamijima.info/sightseeing/manga_hekigaart/
豊島,現代アート関連施設,アート/離島,pending,https://kamijima.info/toyoshima/
全域,ゆめしま海道,サイクリング/橋/絶景,pending,https://kamijima.info/sightseeing/yumeshima-kaido/
